<?xml version="1.0" encoding="UTF-8"?>
<beans xmlns="http://www.springframework.org/schema/beans"
	xmlns:xsi="http://www.w3.org/2001/XMLSchema-instance" xmlns:context="http://www.springframework.org/schema/context"
	xmlns:tx="http://www.springframework.org/schema/tx"
	xsi:schemaLocation="http://www.springframework.org/schema/beans http://www.springframework.org/schema/beans/spring-beans-3.1.xsd
		http://www.springframework.org/schema/context http://www.springframework.org/schema/context/spring-context-3.1.xsd http://www.springframework.org/schema/tx http://www.springframework.org/schema/tx/spring-tx-2.5.xsd">

	<context:component-scan base-package="com.bosch.si.amra" />
	<context:annotation-config />
	<context:property-placeholder location="classpath:rest.properties" />

	<bean id="messageSource"
		class="org.springframework.context.support.ReloadableResourceBundleMessageSource">
		<property name="basename" value="classpath:/locales/messages" />
		<!-- Do not use System Locale file as default. Windows & Linux could have 
			different default locale -->
		<property name="fallbackToSystemLocale" value="false" />
	</bean>

	<bean class="ru.xpoft.vaadin.VaadinMessageSource" />

	<!-- <bean class="com.bosch.si.fleet.common.internationalization.I18n" scope="singleton" 
		/> -->

	<bean class="com.bosch.si.fleet.common.internationalization.SimpleI18nImpl"
		primary="false" scope="singleton" />

	<bean class="com.bosch.si.fleet.common.error.GeneralErrorHandler"
		scope="prototype" />

	<!-- Identity Management -->
	<bean id="imServerLocationProvider" class="com.bosch.im.jaxrs.util.DefaultImServerLocationProvider">
		<constructor-arg value="${com.bosch.im.server.url}" />
		<constructor-arg value="${com.bosch.im.custom.session.timeout}" />
	</bean>

	<bean id="imFilePersistentCache" class="com.bosch.im.client.rest.cache.FileBasedPersistentCache"
		autowire="constructor" />

	<bean id="imEntityBuilderFactory"
		class="com.bosch.im.common.internal.model.impl.EntityBuilderFactory" />

	<bean id="imCommandFactory"
		class="com.bosch.im.client.rest.commands.impl.RestCommandFactory" />

	<bean id="imQueryParamBuilderFactory"
		class="com.bosch.im.client.rest.query.RestQueryParamBuilderFactory" />

	<bean id="imPredicateFactory"
		class="com.bosch.im.client.rest.query.predicate.RestPredicateFactory" />

	<bean id="imObjectFactory" class="com.bosch.im.jaxrs.generated.ObjectFactory" />

	<bean id="imJaxrsUrlHelper" class="com.bosch.im.jaxrs.util.ImJaxrsUrlHelper">
		<constructor-arg>
			<bean
				class="com.bosch.im.client.rest.DependencyInjectionJerseyClientAdapter"
				factory-method="create">
				<property name="clientFilters">
					<list>
						<bean class="com.bosch.im.client.rest.VerboseClientFilter" />
						<bean class="com.bosch.im.client.rest.ImLoggingFilter" />
						<bean class="com.bosch.im.client.rest.ImContextIdFilter" />
						<bean class="com.bosch.im.client.rest.ImExceptionMappingFilter" />
						<bean class="com.bosch.im.client.rest.GZIPContentEncodingFilter">
							<constructor-arg ref="imRestClientConfiguration" />
						</bean>
					</list>
				</property>
			</bean>
		</constructor-arg>
		<constructor-arg>
			<ref bean="imServerLocationProvider" />
		</constructor-arg>
	</bean>

	<bean id="imRestAuthenticationClient"
		class="com.bosch.im.client.rest.authentication.impl.RestAuthenticationClient">
		<constructor-arg ref="imJaxrsUrlHelper" />
		<constructor-arg ref="imObjectFactory" />
		<constructor-arg ref="imServerLocationProvider" />
	</bean>

	<bean id="imRestUserCredentialsAuthProvider"
		class="com.bosch.im.client.rest.authentication.impl.RestUserCredentialsAuthenticationAndIdentitiyContextProvider">
		<constructor-arg ref="imRestAuthenticationClient" />
	</bean>

	<bean id="imApiKeyAuthProvider"
		class="com.bosch.im.client.rest.authentication.impl.RestApiKeyAuthenticationAndIdentityContextProvider">
		<constructor-arg ref="imRestAuthenticationClient" />
	</bean>

	<bean id="imIdentityContextIdAuthProvider"
		class="com.bosch.im.client.rest.authentication.impl.RestIdentityContextIdAuthenticationAndIdentityContextProvider">
		<constructor-arg ref="imRestAuthenticationClient" />
	</bean>

	<bean id="imActOnBehalfOfAuthProvider"
		class="com.bosch.im.client.rest.authentication.impl.RestActOnBehalfOfAuthenticationAndIdentitiyContextProvider">
		<constructor-arg ref="imRestAuthenticationClient" />
	</bean>

	<bean id="imMasqueradedUserAuthProvider"
		class="com.bosch.im.client.rest.authentication.impl.RestMasqueradedUserAuthenticationAndIdentityContextProvider">
		<constructor-arg ref="imRestAuthenticationClient" />
	</bean>

	<bean id="imEntityMappers" class="com.bosch.im.client.rest.mapper.EntityMappers">
		<constructor-arg ref="imEntityBuilderFactory" />
	</bean>

	<bean id="imNonEntityMappers" class="com.bosch.im.client.rest.mapper.NonEntityMappers">
		<constructor-arg ref="imEntityBuilderFactory" />
	</bean>

	<!-- Authentication -->
	<bean id="imAuthenticationManager"
		class="com.bosch.im.client.rest.authentication.impl.CachedRestAuthenticationManager">
		<constructor-arg ref="imRestClientConfiguration" />
		<constructor-arg>
			<bean
				class="com.bosch.im.client.rest.authentication.impl.RestAuthenticationManager">
				<constructor-arg>
					<bean
						class="com.bosch.im.client.rest.authentication.impl.IdentityContextMapper">
						<constructor-arg>
							<ref bean="imEntityMappers" />
						</constructor-arg>
					</bean>
				</constructor-arg>
				<constructor-arg>
					<map key-type="java.lang.Class">
						<entry key="com.bosch.im.authentication.UserCredentials">
							<ref bean="imRestUserCredentialsAuthProvider" />
						</entry>
						<entry key="com.bosch.im.authentication.ApiKeyCredentials">
							<ref bean="imApiKeyAuthProvider" />
						</entry>
						<entry key="com.bosch.im.authentication.IdentityContextIdCredentials">
							<ref bean="imIdentityContextIdAuthProvider" />
						</entry>
						<entry key="com.bosch.im.authentication.ActOnBehalfOfCredentials">
							<ref bean="imActOnBehalfOfAuthProvider" />
						</entry>
						<entry key="com.bosch.im.authentication.MasqueradedUserCredentials">
							<ref bean="imMasqueradedUserAuthProvider" />
						</entry>
					</map>
				</constructor-arg>
				<constructor-arg>
					<map key-type="java.lang.Class">
						<entry key="com.bosch.im.authentication.UserCredentials">
							<ref bean="imRestUserCredentialsAuthProvider" />
						</entry>
						<entry key="com.bosch.im.authentication.ApiKeyCredentials">
							<ref bean="imApiKeyAuthProvider" />
						</entry>
						<entry key="com.bosch.im.authentication.IdentityContextIdCredentials">
							<ref bean="imIdentityContextIdAuthProvider" />
						</entry>
						<entry key="com.bosch.im.authentication.ActOnBehalfOfCredentials">
							<ref bean="imActOnBehalfOfAuthProvider" />
						</entry>
						<entry key="com.bosch.im.authentication.MasqueradedUserCredentials">
							<ref bean="imMasqueradedUserAuthProvider" />
						</entry>
					</map>
				</constructor-arg>
				<constructor-arg ref="imRestAuthenticationClient" />
				<constructor-arg ref="imClientMode" />
			</bean>
		</constructor-arg>
		<constructor-arg ref="imRestClientCache" />
	</bean>

	<bean id="imRestClientConfiguration" class="com.bosch.im.client.rest.RestClientConfiguration"
		init-method="init">
		<property name="compressionEnabled" value="${com.bosch.im.client.compression}" />
		<property name="cachingEnabled" value="${com.bosch.im.client.caching.enabled}" />
		<property name="cacheSize" value="${com.bosch.im.client.caching.size}" />
		<property name="cacheCleanupInterval"
			value="${com.bosch.im.client.caching.cleanupinterval}" />
		<property name="persistentCachingEnabled"
			value="${com.bosch.im.client.caching.persistent.enabled}" />
		<property name="persistentCacheSize"
			value="${com.bosch.im.client.caching.persistent.size}" />
		<property name="persistentCacheDirectory"
			value="${com.bosch.im.client.caching.persistent.directory}" />
	</bean>

	<bean id="imClientMode" class="com.bosch.im.client.rest.ClientMode" />

	<!-- Caching -->
	<bean id="imRestClientCache" class="com.bosch.im.client.rest.cache.RestClientCache"
		init-method="init">
		<constructor-arg ref="imRestClientConfiguration" />
		<constructor-arg ref="imClientMode" />
		<property name="persistentCache">
			<bean class="com.bosch.im.client.rest.cache.PersistentCacheQueueDelegate"
				autowire="constructor" />
		</property>
	</bean>

	<!-- Client -->
	<bean id="imRestClient" class="com.bosch.im.client.rest.RestClient">
		<constructor-arg ref="imRestClientConfiguration" />
		<constructor-arg ref="imRestClientCache" />
		<constructor-arg ref="imClientMode" />
	</bean>

	<!-- Command Execution -->
	<bean id="imCommandExecutor"
		class="com.bosch.im.client.rest.commands.impl.RestCommandExecutor">
		<constructor-arg ref="imEntityMappers" />
		<constructor-arg ref="imNonEntityMappers" />
		<constructor-arg ref="imJaxrsUrlHelper" />
		<constructor-arg ref="imClientMode" />
	</bean>

	<!-- Entity Services -->
	<bean id="imUserService" class="com.bosch.im.client.rest.service.impl.RestUserService">
		<property name="commandExecutor" ref="imCommandExecutor" />
		<property name="commandFactory" ref="imCommandFactory" />
	</bean>

	<bean id="imInstanceService"
		class="com.bosch.im.client.rest.service.impl.RestInstanceService">
		<property name="commandExecutor" ref="imCommandExecutor" />
		<property name="commandFactory" ref="imCommandFactory" />
	</bean>

	<bean id="imPermissionService"
		class="com.bosch.im.client.rest.service.impl.RestPermissionService">
		<property name="commandExecutor" ref="imCommandExecutor" />
		<property name="commandFactory" ref="imCommandFactory" />
	</bean>

	<bean id="imGroupService" class="com.bosch.im.client.rest.service.impl.RestGroupService">
		<property name="commandExecutor" ref="imCommandExecutor" />
		<property name="commandFactory" ref="imCommandFactory" />
	</bean>

	<bean id="imRoleService" class="com.bosch.im.client.rest.service.impl.RestRoleService">
		<property name="commandExecutor" ref="imCommandExecutor" />
		<property name="commandFactory" ref="imCommandFactory" />
	</bean>

	<bean id="imDomainService" class="com.bosch.im.client.rest.service.impl.RestDomainService">
		<property name="commandExecutor" ref="imCommandExecutor" />
		<property name="commandFactory" ref="imCommandFactory" />
	</bean>

	<bean id="imTenantService" class="com.bosch.im.client.rest.service.impl.RestTenantService">
		<property name="commandExecutor" ref="imCommandExecutor" />
		<property name="commandFactory" ref="imCommandFactory" />
	</bean>

	<bean id="imTenantRelationService"
		class="com.bosch.im.client.rest.service.impl.RestTenantRelationService">
		<property name="commandExecutor" ref="imCommandExecutor" />
		<property name="commandFactory" ref="imCommandFactory" />
	</bean>

	<bean id="imOfferingTypeService"
		class="com.bosch.im.client.rest.service.impl.RestOfferingTypeService">
		<property name="commandExecutor" ref="imCommandExecutor" />
		<property name="commandFactory" ref="imCommandFactory" />
	</bean>

	<bean id="imApiKeyService" class="com.bosch.im.client.rest.service.impl.RestApiKeyService">
		<property name="commandExecutor" ref="imCommandExecutor" />
		<property name="commandFactory" ref="imCommandFactory" />
	</bean>

	<bean id="imI18NAttributeService"
		class="com.bosch.im.client.rest.service.impl.RestI18NAttributeService">
		<property name="commandExecutor" ref="imCommandExecutor" />
		<property name="commandFactory" ref="imCommandFactory" />
	</bean>

	<!-- Identity Provider Base Configuration Service -->
	<bean id="imBaseConfigurationService"
		class="com.bosch.im.client.rest.service.impl.RestBaseConfigurationService">
		<property name="commandExecutor" ref="imCommandExecutor" />
		<property name="commandFactory" ref="imCommandFactory" />
	</bean>

	<!-- Identity Provider Specific Configuration Service -->
	<bean id="imSpecificConfigurationService"
		class="com.bosch.im.client.rest.service.impl.RestSpecificConfigurationService">
		<property name="commandExecutor" ref="imCommandExecutor" />
		<property name="commandFactory" ref="imCommandFactory" />
	</bean>

</beans>