<?xml version="1.0" encoding="UTF-8"?>
<!DOCTYPE module PUBLIC "-//Google Inc.//DTD Google Web Toolkit 1.7.0//EN" "http://google-web-toolkit.googlecode.com/svn/tags/1.7.0/distro-source/core/src/gwt-module.dtd">
<module>
	<inherits name="com.vaadin.DefaultWidgetSet" />



	<!--  -->

	<set-configuration-property name="devModeRedirectEnabled"
		value="true" />

	<!-- Uncomment the following to compile the widgetset for one browser only.
		This can reduce the GWT compilation time significantly when debugging. The
		line should be commented out before deployment to production environments.
		Multiple browsers can be specified for GWT 1.7 as a comma separated list.
		The supported user agents at the moment of writing were: ie6,ie8,gecko,gecko1_8,safari,opera
		The value gecko1_8 is used for Firefox 3 and later and safari is used for
		webkit based browsers including Google Chrome. -->
	<!-- <set-property name="user.agent" value="safari"/> -->

	<!-- WidgetSetOptimizer -->
	<generate-with class="com.bosch.si.amra.OptimizedConnectorBundleLoaderFactory">
		<when-type-assignable
			class="com.vaadin.client.metadata.ConnectorBundleLoader" />
	</generate-with>


    <inherits name="com.vaadin.addon.charts.Widgetset" />

    <inherits name="com.vaadin.addon.timeline.gwt.TimelineWidgetSet" />



    

    <inherits name="com.vaadin.tapio.googlemaps.Widgetset" />

    



    <inherits name="org.vaadin.addons.locationtextfield.LocationTextFieldWidgetSet" />
</module>
